0,35.2667
1,35.5667
2,35.9667
3,36.1
4,36.5333
5,36.9667
6,37.2333
7,37.5
8,37.8667
9,38.0667
10,38.3333
11,38.6
12,38.9333
13,39.2667
14,39.6
15,39.9333
16,40.1667
17,40.2667
18,40.6667
19,41
20,41.4667
21,41.7
22,41.9
23,42.1
24,42.3
25,42.5667
26,42.8667
27,43.0667
28,43.4
29,43.5667
30,43.7667
31,44.0667
32,44.3333
33,44.5
34,44.7333
35,45.2
36,45.3333
37,45.6
38,45.9333
39,46.2333
40,46.4667
41,46.6333
42,46.8
43,47
44,47.1
45,47.2333
46,47.4333
47,47.7
48,48
49,48.2
50,48.5667
51,48.7333
52,49.0333
53,49.1667
54,49.3
55,49.4667
56,49.7667
57,49.9
58,50.1
59,50.2333
60,50.4667
61,50.5667
62,50.7667
63,51.0667
64,51.2
65,51.3
66,51.5
67,51.7333
68,51.9
69,52.1667
70,52.3333
71,52.5
72,52.7333
73,52.9333
74,53.0333
75,53.2333
76,53.3333
77,53.5
78,53.6
79,53.8333
80,53.9667
81,54.1667
82,54.2333
83,54.3
84,54.5667
85,54.8
86,55
87,55.0333
88,55.2
89,55.3
90,55.5
91,55.6333
92,55.8667
93,55.9667
94,56.1
95,56.2667
96,56.3667
97,56.5333
98,56.6333
99,56.7667
100,56.8333
101,56.9
102,57.0333
103,57.2
104,57.3
105,57.6
106,57.7
107,57.8333
108,57.9667
109,58.1
110,58.1333
111,58.2667
112,58.4667
113,58.5
114,58.6667
115,58.8333
116,58.9667
117,59.1333
118,59.1333
119,59.3333
120,59.4333
121,59.6
122,59.7
123,59.8667
124,59.9
125,60
126,60.1
127,60.1667
128,60.2333
129,60.3333
130,60.3667
131,60.5667
132,60.6667
133,60.7667
134,60.9
135,60.9333
136,61.1333
137,61.2667
138,61.3333
139,61.5
140,61.5667
141,61.6333
142,61.6667
143,61.7
144,61.7333
145,61.8333
146,61.9333
147,62
148,62.1
149,62.1
150,62.1333
151,62.1667
152,62.2
153,62.2667
154,62.4
155,62.4333
156,62.5
157,62.5667
158,62.6
159,62.6667
160,62.8
161,62.8333
162,62.9333
163,63
164,63.1
165,63.1667
166,63.3333
167,63.4333
168,63.4333
169,63.5333
170,63.6333
171,63.6667
172,63.6667
173,63.7667
174,63.8333
175,63.8333
176,63.9
177,64.0667
178,64.1
179,64.1333
180,64.1667
181,64.1667
182,64.3
183,64.3333
184,64.3667
185,64.3667
186,64.3667
187,64.4333
188,64.5
189,64.5
190,64.5333
191,64.6333
192,64.6333
193,64.7
194,64.7667
195,64.8333
196,64.8333
197,64.8333
198,64.9333
199,65.0667
200,65.0667
201,65.1
202,65.1333
203,65.1333
204,65.1333
205,65.1667
206,65.1667
207,65.2
208,65.3
209,65.3333
210,65.4
211,65.4
212,65.4333
213,65.4333
214,65.4333
215,65.5
216,65.5
217,65.5333
218,65.5667
219,65.6333
220,65.6667
221,65.7
222,65.8333
223,65.8667
224,65.8667
225,65.9333
226,65.9667
227,66
228,66.0333
229,66.0667
230,66.1
231,66.1333
232,66.2
233,66.2
234,66.2667
235,66.3333
236,66.3667
237,66.4333
238,66.4333
239,66.4667
240,66.4667
241,66.4667
242,66.4667
243,66.5
244,66.5667
245,66.6333
246,66.7
247,66.7667
248,66.8
249,66.8333
250,66.9
251,66.9333
252,66.9667
253,67
254,67
255,67.0333
256,67.1
257,67.1333
258,67.2
259,67.2333
260,67.2333
261,67.2667
262,67.2667
263,67.3
264,67.3333
265,67.3333
266,67.3667
267,67.4
268,67.4333
269,67.4667
270,67.4667
271,67.5333
272,67.5667
273,67.6333
274,67.6667
275,67.7333
276,67.7667
277,67.8
278,67.8333
279,67.8333
280,67.9
281,67.9667
282,68.0333
283,68.0333
284,68.0667
285,68.0667
286,68.0667
287,68.1
288,68.1
289,68.1
290,68.1
291,68.1667
292,68.1667
293,68.2667
294,68.3
295,68.3333
296,68.3333
297,68.3333
298,68.3667
299,68.4
300,68.4
301,68.4
302,68.4
303,68.4
304,68.4
305,68.4
306,68.4
307,68.4
308,68.4
309,68.4
310,68.4
311,68.4333
312,68.4333
313,68.4333
314,68.4333
315,68.4667
316,68.5
317,68.5
318,68.5667
319,68.5667
320,68.6
321,68.6333
322,68.6333
323,68.6333
324,68.6667
325,68.6667
326,68.6667
327,68.6667
328,68.7
329,68.7
330,68.7
331,68.7
332,68.7
333,68.7
334,68.7
335,68.7667
336,68.7667
337,68.8
338,68.8
339,68.8
340,68.8
341,68.8
342,68.8
343,68.8667
344,68.8667
345,68.9
346,68.9
347,68.9
348,68.9667
349,68.9667
350,68.9667
351,68.9667
352,68.9667
353,68.9667
354,69.0333
355,69.0333
356,69.0333
357,69.0667
358,69.0667
359,69.0667
360,69.0667
361,69.1333
362,69.1333
363,69.1333
364,69.1333
365,69.1333
366,69.1333
367,69.1333
368,69.1333
369,69.1333
370,69.1333
371,69.1333
372,69.1333
373,69.1333
374,69.1667
375,69.1667
376,69.2
377,69.2333
378,69.2333
379,69.2333
380,69.2333
381,69.2333
382,69.2333
383,69.3
384,69.3
385,69.3
386,69.3
387,69.3
388,69.3333
389,69.3333
390,69.3333
391,69.3333
392,69.3333
393,69.3333
394,69.3333
395,69.3333
396,69.3333
397,69.3333
398,69.3333
399,69.3333
400,69.3333
401,69.3333
402,69.3667
403,69.3667
404,69.3667
405,69.3667
406,69.4
407,69.4333
408,69.4333
409,69.4333
410,69.4333
411,69.4333
412,69.4333
413,69.4333
414,69.4333
415,69.4333
416,69.5
417,69.5
418,69.5
419,69.5
420,69.5
421,69.5
422,69.5333
423,69.5667
424,69.5667
425,69.5667
426,69.5667
427,69.5667
428,69.5667
429,69.6
430,69.6
431,69.6
432,69.6
433,69.6333
434,69.6333
435,69.6333
436,69.6333
437,69.7
438,69.7
439,69.7
440,69.7
441,69.7
442,69.7
443,69.7
444,69.7333
445,69.7333
446,69.7333
447,69.7333
448,69.7333
449,69.7333
450,69.7333
451,69.7333
452,69.7333
453,69.7333
454,69.7333
455,69.7333
456,69.7333
457,69.7333
458,69.7333
459,69.7333
460,69.7333
461,69.7333
462,69.7333
463,69.7333
464,69.7333
465,69.7333
466,69.7333
467,69.7333
468,69.7333
469,69.7333
470,69.7333
471,69.7333
472,69.8
473,69.8
474,69.8
475,69.8
476,69.8
477,69.8
478,69.8
479,69.8333
480,69.8333
481,69.8667
482,69.8667
483,69.8667
484,69.8667
485,69.8667
486,69.8667
487,69.8667
488,69.8667
489,69.8667
490,69.8667
491,69.8667
492,69.8667
493,69.8667
494,69.8667
495,69.8667
496,69.8667
497,69.8667
498,69.8667
499,69.8667
500,69.8667
501,69.8667
502,69.8667
503,69.8667
504,69.8667
505,69.8667
506,69.8667
507,69.8667
508,69.8667
509,69.8667
510,69.8667
511,69.8667
512,69.8667
513,69.8667
514,69.8667
515,69.9
516,69.9
517,69.9
518,69.9
519,69.9
520,69.9333
521,69.9333
522,69.9333
523,69.9333
524,69.9333
525,69.9667
526,69.9667
527,69.9667
528,69.9667
529,69.9667
530,69.9667
531,69.9667
532,69.9667
533,69.9667
534,69.9667
535,69.9667
536,69.9667
537,69.9667
538,69.9667
539,69.9667
540,69.9667
541,69.9667
542,69.9667
543,69.9667
544,69.9667
545,69.9667
546,69.9667
547,69.9667
548,69.9667
549,69.9667
550,69.9667
551,69.9667
552,69.9667
553,69.9667
554,69.9667
555,69.9667
556,69.9667
557,69.9667
558,69.9667
559,69.9667
560,69.9667
561,69.9667
562,69.9667
563,69.9667
564,69.9667
565,69.9667
566,69.9667
567,69.9667
568,69.9667
569,69.9667
570,69.9667
571,69.9667
572,69.9667
573,69.9667
574,69.9667
575,69.9667
576,69.9667
577,69.9667
578,69.9667
579,69.9667
580,69.9667
581,69.9667
582,69.9667
583,69.9667
584,69.9667
585,69.9667
586,69.9667
587,69.9667
588,69.9667
589,69.9667
590,69.9667
591,69.9667
592,69.9667
593,69.9667
594,69.9667
595,69.9667
596,69.9667
597,69.9667
598,69.9667
599,69.9667
600,69.9667
601,69.9667
602,69.9667
603,69.9667
604,69.9667
605,69.9667
606,69.9667
607,69.9667
608,69.9667
609,69.9667
610,69.9667
611,69.9667
612,69.9667
613,69.9667
614,69.9667
615,69.9667
616,69.9667
617,69.9667
618,69.9667
619,69.9667
620,69.9667
621,69.9667
622,69.9667
623,69.9667
624,69.9667
625,69.9667
626,69.9667
627,69.9667
628,69.9667
629,69.9667
630,69.9667
631,69.9667
632,69.9667
633,69.9667
634,69.9667
635,69.9667
636,69.9667
637,69.9667
638,69.9667
639,69.9667
640,69.9667
641,69.9667
642,69.9667
643,69.9667
644,69.9667
645,69.9667
646,69.9667
647,69.9667
648,69.9667
649,69.9667
650,69.9667
651,69.9667
652,69.9667
653,69.9667
654,69.9667
655,69.9667
656,69.9667
657,69.9667
658,69.9667
659,69.9667
660,69.9667
661,69.9667
662,69.9667
663,69.9667
664,69.9667
665,69.9667
666,69.9667
667,69.9667
668,69.9667
669,69.9667
670,69.9667
671,69.9667
672,69.9667
673,69.9667
674,69.9667
675,69.9667
676,69.9667
677,69.9667
678,69.9667
679,69.9667
680,69.9667
681,69.9667
682,69.9667
683,69.9667
684,69.9667
685,69.9667
686,69.9667
687,69.9667
688,69.9667
689,69.9667
690,69.9667
691,69.9667
692,69.9667
693,69.9667
694,69.9667
695,69.9667
696,69.9667
697,69.9667
698,69.9667
699,69.9667
700,69.9667
701,69.9667
702,69.9667
703,69.9667
704,69.9667
705,69.9667
706,69.9667
707,69.9667
708,69.9667
709,69.9667
710,69.9667
711,69.9667
712,69.9667
713,69.9667
714,69.9667
715,69.9667
716,69.9667
717,69.9667
718,69.9667
719,69.9667
720,69.9667
721,69.9667
722,69.9667
723,69.9667
724,69.9667
725,69.9667
726,69.9667
727,69.9667
728,69.9667
729,69.9667
730,69.9667
731,69.9667
732,69.9667
733,69.9667
734,69.9667
735,69.9667
736,69.9667
737,69.9667
738,69.9667
739,69.9667
740,69.9667
741,69.9667
742,69.9667
743,69.9667
744,69.9667
745,69.9667
746,69.9667
747,69.9667
748,69.9667
749,69.9667
750,69.9655
751,69.9655
752,69.9655
753,69.9655
754,69.9655
755,69.9655
756,69.9655
757,69.9655
758,69.9655
759,69.9655
760,69.9655
761,69.9655
762,69.9655
763,69.9655
764,69.9655
765,69.9655
766,69.9655
767,69.9655
768,69.9655
769,69.9655
770,69.9655
771,69.9655
772,69.9655
773,69.9655
774,69.9655
775,69.9655
776,69.9655
777,69.9655
778,69.9655
779,69.9655
780,69.9655
781,69.9655
782,69.9655
783,70
784,70
785,70
786,70
787,70
788,70
789,70
790,70
791,70
792,70
793,70
794,70
795,70
796,70
797,70
798,70
799,70
800,70
801,70
802,70
803,70
804,70
805,70
806,70
807,70
808,70
809,70
810,70
811,70
812,70
813,70
814,70
815,70
816,70
817,70
818,70
819,70
820,70
821,70
822,70
823,70
824,70
825,70
826,70
827,70
828,70
829,70
830,70
831,70
832,70
833,70
834,70
835,70
836,70
837,70
838,70
839,70
840,70
841,70
842,70
843,70
844,70
845,70
846,70
847,70
848,70
849,70
850,70
851,70
852,70
853,70
854,70
855,70
856,70
857,70
858,70
859,70
860,70
861,70
862,70
863,70
864,70
865,70
866,70
867,70
868,70
869,70
870,70
871,70
872,70
873,70
874,70
875,70
876,70
877,70
878,70
879,70
880,70
881,70
882,70
883,70
884,70
885,70
886,70
887,70
888,70
889,70
890,70
891,70
892,70
893,70
894,70
895,70
896,70
897,70
898,70
899,70
900,70
901,70
902,70
903,70
904,70
905,70
906,70
907,70
908,70
909,70
910,70
911,70
912,70
913,70
914,70
915,70
916,70
917,70
918,70
919,70
920,70
921,70
922,70
923,70
924,70
925,70
926,70
927,70
928,70
929,70
930,70
931,70
932,70
933,70
934,70
935,70
936,70
937,70
938,70
939,70
940,70
941,70
942,70
943,70
944,70
945,70
946,70
947,70
948,70
949,70
950,70
951,70
952,70
953,70
954,70
955,70
956,70
957,70
958,70
959,70
960,70
961,70
962,70
963,70
964,70
965,70
966,70
967,70
968,70
969,70
970,70
971,70
972,70
973,70
974,70
975,70
976,70
977,70
978,70
979,70
980,70
981,70
982,70
983,70
984,70
985,70
986,70
987,70
988,70
989,70
990,70
991,70
992,70
993,70
994,70
995,70
996,70
997,70
998,70
999,70
1000,70
1001,70
1002,70
1003,70
1004,70
1005,70
1006,70
1007,70
1008,70
1009,70
1010,70
1011,70
1012,70
1013,70
1014,70
1015,70
1016,70
1017,70
1018,70
1019,70
1020,70
1021,70
1022,70
1023,70
1024,70
1025,70
1026,70
1027,70
1028,70
1029,70
1030,70
1031,70
1032,70
1033,70
1034,70
1035,70
1036,70
1037,70
1038,70
1039,70
1040,70
1041,70
1042,70
1043,70
1044,70
1045,70
1046,70
1047,70
1048,70
1049,70
1050,70
1051,70
1052,70
1053,70
1054,70
1055,70
1056,70
1057,70
1058,70
1059,70
1060,70
1061,70
1062,70
1063,70
1064,70
1065,70
1066,70
1067,70
1068,70
1069,70
1070,70
1071,70
1072,70
1073,70
1074,70
1075,70
1076,70
1077,70
1078,70
1079,70
1080,70
1081,70
1082,70
1083,70
1084,70
1085,70
1086,70
1087,70
1088,70
1089,70
1090,70
1091,70
1092,70
1093,70
1094,70
1095,70
1096,70
1097,70
1098,70
1099,70
1100,70
1101,70
1102,70
1103,70
1104,70
1105,70
1106,70
1107,70
1108,70
1109,70
1110,70
1111,70
1112,70
1113,70
1114,70
1115,70
1116,70
1117,70
1118,70
1119,70
1120,70
1121,70
1122,70
1123,70
1124,70
1125,70
1126,70
1127,70
1128,70
1129,70
1130,70
1131,70
1132,70
1133,70
1134,70
1135,70
1136,70
1137,70
1138,70
1139,70
1140,70
1141,70
1142,70
1143,70
1144,70
1145,70
1146,70
1147,70
1148,70
1149,70
1150,70
1151,70
1152,70
1153,70
1154,70
1155,70
1156,70
1157,70
1158,70
1159,70
1160,70
1161,70
1162,70
1163,70
1164,70
1165,70
1166,70
1167,70
1168,70
1169,70
1170,70
1171,70
1172,70
1173,70
1174,70
1175,70
1176,70
1177,70
1178,70
1179,70
1180,70
1181,70
1182,70
1183,70
1184,70
1185,70
1186,70
1187,70
1188,70
1189,70
1190,70
1191,70
1192,70
1193,70
1194,70
1195,70
1196,70
1197,70
1198,70
1199,70
1200,70
1201,70
1202,70
1203,70
1204,70
1205,70
1206,70
1207,70
1208,70
1209,70
1210,70
1211,70
1212,70
1213,70
1214,70
1215,70
1216,70
1217,70
1218,70
1219,70
1220,70
1221,70
1222,70
1223,70
1224,70
1225,70
1226,70
1227,70
1228,70
1229,70
1230,70
1231,70
1232,70
1233,70
1234,70
1235,70
1236,70
1237,70
1238,70
1239,70
1240,70
1241,70
1242,70
1243,70
1244,70
1245,70
1246,70
1247,70
1248,70
1249,70
1250,70
1251,70
1252,70
1253,70
1254,70
1255,70
1256,70
1257,70
1258,70
1259,70
1260,70
1261,70
1262,70
1263,70
1264,70
1265,70
1266,70
1267,70
1268,70
1269,70
1270,70
1271,70
1272,70
1273,70
1274,70
1275,70
1276,70
1277,70
1278,70
1279,70
1280,70
1281,70
1282,70
1283,70
