0,50.2333
1,50.7
2,51.1667
3,51.6333
4,52.1
5,52.5333
6,53.1
7,53.6
8,54.0667
9,54.6333
10,55.1667
11,55.6667
12,56.0333
13,56.4
14,57
15,57.4667
16,57.8667
17,58.1667
18,58.4667
19,58.8
20,59.1
21,59.3667
22,59.6667
23,60.1333
24,60.5333
25,60.9333
26,61.3667
27,61.6333
28,61.9
29,62.2667
30,62.5667
31,63.2
32,63.5333
33,63.8333
34,64.3333
35,64.8667
36,65.2667
37,65.5667
38,65.7667
39,66.1
40,66.5
41,66.7
42,67.0333
43,67.4667
44,67.7333
45,67.9
46,68.1333
47,68.5667
48,68.8
49,68.9333
50,69.4
51,69.7667
52,70.1333
53,70.3333
54,70.5333
55,70.9
56,71.2
57,71.4667
58,71.7
59,71.9333
60,72.1
61,72.5333
62,72.8667
63,73.2333
64,73.4333
65,73.5667
66,73.8667
67,74.2333
68,74.4333
69,74.6333
70,74.8667
71,75.0667
72,75.1333
73,75.4
74,75.6
75,75.8333
76,76.0667
77,76.3333
78,76.5
79,76.7667
80,77
81,77.3
82,77.4333
83,77.5667
84,77.8667
85,78.3667
86,78.6333
87,78.7667
88,78.9333
89,79.1667
90,79.4
91,79.6333
92,79.9333
93,80.1
94,80.2667
95,80.4
96,80.7
97,80.8
98,80.9
99,81
100,81.1667
101,81.3333
102,81.5667
103,81.8667
104,82
105,82.3
106,82.4667
107,82.6667
108,82.8333
109,83.0333
110,83.1
111,83.2
112,83.4
113,83.4667
114,83.6667
115,83.8667
116,84.1333
117,84.3
118,84.4333
119,84.6333
120,84.8
121,85.0667
122,85.2
123,85.2667
124,85.4
125,85.5333
126,85.6667
127,85.9
128,86.1
129,86.3
130,86.4333
131,86.5333
132,86.7
133,86.7
134,86.9667
135,87.0333
136,87.2
137,87.3667
138,87.4
139,87.5
140,87.5667
141,87.7667
142,87.8
143,87.9333
144,88.0333
145,88.1667
146,88.2333
147,88.3333
148,88.4
149,88.4667
150,88.6333
151,88.7667
152,88.8
153,88.8333
154,89.0667
155,89.1667
156,89.2
157,89.4333
158,89.5667
159,89.6667
160,89.7333
161,90
162,90.1
163,90.2333
164,90.2667
165,90.4
166,90.5667
167,90.8
168,90.9
169,91
170,91.1333
171,91.1333
172,91.1667
173,91.3
174,91.3333
175,91.3333
176,91.3667
177,91.4333
178,91.6
179,91.6
180,91.7333
181,91.8
182,91.9
183,91.9333
184,92.0667
185,92.1
186,92.2667
187,92.3
188,92.4
189,92.4
190,92.5
191,92.6
192,92.6
193,92.7333
194,92.7667
195,92.8
196,92.8667
197,93
198,93.0667
199,93.1667
200,93.2333
201,93.3
202,93.3667
203,93.4
204,93.5
205,93.5333
206,93.6
207,93.6667
208,93.7333
209,93.8
210,93.8333
211,93.8333
212,93.8333
213,93.9
214,93.9
215,93.9667
216,94.0333
217,94.1667
218,94.2667
219,94.3333
220,94.4333
221,94.5
222,94.6
223,94.6333
224,94.6333
225,94.6667
226,94.7333
227,94.8667
228,94.9333
229,95.0333
230,95.0667
231,95.1333
232,95.2667
233,95.3
234,95.3
235,95.3333
236,95.3333
237,95.4333
238,95.5
239,95.5333
240,95.5667
241,95.6667
242,95.6667
243,95.7333
244,95.7667
245,95.8667
246,95.9
247,95.9667
248,96
249,96.1
250,96.2
251,96.2333
252,96.3
253,96.4
254,96.4333
255,96.4667
256,96.5
257,96.5667
258,96.6
259,96.6333
260,96.6667
261,96.6667
262,96.6667
263,96.7
264,96.7333
265,96.7333
266,96.8333
267,96.8333
268,96.9
269,96.9333
270,96.9333
271,96.9667
272,97.0333
273,97.1
274,97.1333
275,97.1667
276,97.2
277,97.2
278,97.2
279,97.2333
280,97.3333
281,97.3667
282,97.5333
283,97.5333
284,97.5333
285,97.5333
286,97.5667
287,97.6
288,97.6
289,97.6
290,97.6
291,97.6333
292,97.6333
293,97.6667
294,97.6667
295,97.7
296,97.7
297,97.7667
298,97.8333
299,97.8333
300,97.8667
301,97.8667
302,97.8667
303,97.8667
304,97.9
305,97.9
306,97.9333
307,97.9667
308,97.9667
309,97.9667
310,97.9667
311,97.9667
312,97.9667
313,97.9667
314,97.9667
315,97.9667
316,98.0333
317,98.0333
318,98.0667
319,98.0667
320,98.1
321,98.1
322,98.1
323,98.1
324,98.1
325,98.1
326,98.1
327,98.1
328,98.1333
329,98.1667
330,98.2
331,98.2
332,98.2667
333,98.2667
334,98.3
335,98.3667
336,98.3667
337,98.3667
338,98.4
339,98.4
340,98.4
341,98.4
342,98.4667
343,98.5
344,98.5
345,98.5333
346,98.5333
347,98.5333
348,98.5333
349,98.5667
350,98.6
351,98.6
352,98.6
353,98.6
354,98.6333
355,98.6333
356,98.6333
357,98.6667
358,98.7
359,98.7
360,98.7
361,98.7333
362,98.7333
363,98.7667
364,98.8
365,98.8
366,98.8
367,98.8333
368,98.8333
369,98.8333
370,98.8333
371,98.8333
372,98.8333
373,98.8667
374,98.9
375,98.9333
376,98.9667
377,98.9667
378,99
379,99.0333
380,99.0333
381,99.0333
382,99.0667
383,99.1333
384,99.1333
385,99.1333
386,99.1333
387,99.1333
388,99.1333
389,99.1667
390,99.1667
391,99.2
392,99.2333
393,99.2333
394,99.2333
395,99.2667
396,99.2667
397,99.2667
398,99.3
399,99.3
400,99.3
401,99.3
402,99.3333
403,99.3333
404,99.3333
405,99.3333
406,99.3667
407,99.4
408,99.4
409,99.4
410,99.4
411,99.4
412,99.4
413,99.4
414,99.4
415,99.4
416,99.4333
417,99.4333
418,99.4333
419,99.4333
420,99.4333
421,99.4333
422,99.4333
423,99.4333
424,99.4333
425,99.4333
426,99.4333
427,99.4333
428,99.4333
429,99.4333
430,99.4333
431,99.4333
432,99.4333
433,99.4667
434,99.4667
435,99.4667
436,99.4667
437,99.5333
438,99.5333
439,99.5333
440,99.5333
441,99.5333
442,99.5333
443,99.5333
444,99.5333
445,99.5667
446,99.5667
447,99.5667
448,99.5667
449,99.6
450,99.6
451,99.6
452,99.6
453,99.6
454,99.6
455,99.6
456,99.6333
457,99.6333
458,99.6333
459,99.6333
460,99.6333
461,99.6333
462,99.6333
463,99.6333
464,99.6333
465,99.6333
466,99.6333
467,99.6333
468,99.6333
469,99.6333
470,99.6333
471,99.6333
472,99.6333
473,99.6333
474,99.6333
475,99.6667
476,99.6667
477,99.6667
478,99.6667
479,99.6667
480,99.7
481,99.7333
482,99.7333
483,99.7333
484,99.7333
485,99.7333
486,99.7333
487,99.7333
488,99.7333
489,99.7333
490,99.7333
491,99.7333
492,99.7333
493,99.7333
494,99.7333
495,99.7333
496,99.7333
497,99.7333
498,99.7333
499,99.7333
500,99.7333
501,99.7667
502,99.7667
503,99.7667
504,99.7667
505,99.7667
506,99.7667
507,99.7667
508,99.7667
509,99.7667
510,99.7667
511,99.7667
512,99.7667
513,99.7667
514,99.7667
515,99.7667
516,99.7667
517,99.7667
518,99.7667
519,99.7667
520,99.8
521,99.8
522,99.8
523,99.8
524,99.8
525,99.8333
526,99.8333
527,99.8333
528,99.8333
529,99.8333
530,99.8333
531,99.8333
532,99.8333
533,99.8333
534,99.8333
535,99.8333
536,99.8333
537,99.8333
538,99.8333
539,99.8333
540,99.8333
541,99.8333
542,99.8333
543,99.8333
544,99.8333
545,99.8333
546,99.8333
547,99.8333
548,99.8333
549,99.8333
550,99.8333
551,99.8333
552,99.8333
553,99.8333
554,99.8333
555,99.8333
556,99.8333
557,99.8333
558,99.8333
559,99.8333
560,99.8333
561,99.8667
562,99.8667
563,99.8667
564,99.8667
565,99.8667
566,99.8667
567,99.8667
568,99.8667
569,99.8667
570,99.8667
571,99.8667
572,99.8667
573,99.8667
574,99.8667
575,99.8667
576,99.8667
577,99.8667
578,99.8667
579,99.9
580,99.9
581,99.9
582,99.9
583,99.9
584,99.9
585,99.9
586,99.9
587,99.9
588,99.9
589,99.9
590,99.9
591,99.9
592,99.9
593,99.9
594,99.9
595,99.9
596,99.9
597,99.9
598,99.9
599,99.9
600,99.9
601,99.9
602,99.9
603,99.9
604,99.9
605,99.9
606,99.9
607,99.9
608,99.9
609,99.9
610,99.9
611,99.9
612,99.9
613,99.9
614,99.9
615,99.9
616,99.9
617,99.9
618,99.9
619,99.9
620,99.9
621,99.9
622,99.9
623,99.9
624,99.9
625,99.9
626,99.9
627,99.9
628,99.9
629,99.9
630,99.9
631,99.9
632,99.9
633,99.9
634,99.9
635,99.9
636,99.9
637,99.9
638,99.9
639,99.9
640,99.9
641,99.9
642,99.9
643,99.9
644,99.9
645,99.9
646,99.9
647,99.9
648,99.9
649,99.9
650,99.9
651,99.9
652,99.9
653,99.9
654,99.9
655,99.9
656,99.9
657,99.9
658,99.9
659,99.9
660,99.9
661,99.9
662,99.9
663,99.9
664,99.9
665,99.9
666,99.9
667,99.9
668,99.9
669,99.9
670,99.9
671,99.9
672,99.9
673,99.9
674,99.9
675,99.9
676,99.9
677,99.9
678,99.9
679,99.9
680,99.9
681,99.9
682,99.9
683,99.9
684,99.9
685,99.9
686,99.9
687,99.9
688,99.9
689,99.9
690,99.9
691,99.9
692,99.9333
693,99.9333
694,99.9333
695,99.9333
696,99.9333
697,99.9333
698,99.9333
699,99.9333
700,99.9333
701,99.9333
702,99.9333
703,99.9333
704,99.9333
705,99.9333
706,99.9333
707,99.9333
708,99.9333
709,99.9333
710,99.9333
711,99.9333
712,99.9333
713,99.9333
714,99.9333
715,99.9333
716,99.9333
717,99.9333
718,99.9333
719,99.9333
720,99.9333
721,99.9333
722,99.9333
723,99.9333
724,99.9333
725,99.9333
726,99.9333
727,99.9333
728,99.9333
729,99.9333
730,99.9333
731,99.9333
732,99.9333
733,99.9333
734,99.9333
735,99.9333
736,99.9333
737,99.9333
738,99.9333
739,99.9333
740,99.9333
741,99.9333
742,99.9333
743,99.9333
744,99.9333
745,99.9333
746,99.9333
747,99.9333
748,99.9333
749,99.9333
750,99.9333
751,99.9333
752,99.9333
753,99.9333
754,99.9333
755,99.9333
756,99.9333
757,99.931
758,99.931
759,99.931
760,99.931
761,99.931
762,99.9655
763,99.9655
764,99.9655
765,99.9655
766,99.9655
767,99.9655
768,99.9655
769,99.9655
770,99.9655
771,99.9655
772,99.9655
773,99.9655
774,99.9655
775,99.9655
776,99.9655
777,99.9643
778,99.9643
779,99.9643
780,99.9643
781,99.963
782,99.963
783,99.963
784,99.963
785,99.963
786,99.963
787,99.963
788,99.963
789,99.963
790,99.963
791,99.963
792,99.963
793,99.963
794,99.963
795,99.963
796,99.963
797,99.963
798,99.963
799,99.963
800,99.963
801,99.963
802,99.963
803,99.963
804,99.963
805,99.9615
806,99.9615
807,99.9615
808,99.9615
809,99.9615
810,99.9615
811,99.9615
812,99.9615
813,99.9615
814,99.9615
815,99.9615
816,99.9615
817,99.9615
818,99.9615
819,99.96
820,99.96
821,99.96
822,100
823,100
824,100
825,100
826,100
827,100
828,100
829,100
830,100
831,100
832,100
833,100
834,100
835,100
836,100
837,100
838,100
839,100
840,100
841,100
842,100
843,100
844,100
845,100
846,100
847,100
848,100
849,100
850,100
851,100
852,100
853,100
854,100
855,100
856,100
857,100
858,100
859,100
860,100
861,100
862,100
863,100
864,100
865,100
866,100
867,100
868,100
869,100
870,100
871,100
872,100
873,100
874,100
875,100
876,100
877,100
878,100
879,100
880,100
881,100
882,100
883,100
884,100
885,100
886,100
887,100
888,100
889,100
890,100
891,100
892,100
893,100
894,100
895,100
896,100
897,100
898,100
899,100
900,100
901,100
902,100
903,100
904,100
905,100
906,100
907,100
908,100
909,100
910,100
911,100
912,100
913,100
914,100
915,100
916,100
917,100
918,100
919,100
920,100
921,100
922,100
923,100
924,100
925,100
926,100
927,100
928,100
929,100
930,100
931,100
932,100
933,100
934,100
935,100
936,100
937,100
938,100
939,100
940,100
941,100
942,100
943,100
944,100
945,100
946,100
947,100
948,100
949,100
950,100
951,100
952,100
953,100
954,100
955,100
956,100
957,100
958,100
959,100
960,100
961,100
962,100
963,100
964,100
965,100
966,100
967,100
968,100
969,100
970,100
971,100
972,100
973,100
974,100
975,100
976,100
977,100
978,100
979,100
980,100
981,100
982,100
983,100
984,100
985,100
986,100
987,100
988,100
989,100
990,100
991,100
992,100
993,100
994,100
995,100
996,100
997,100
998,100
999,100
1000,100
1001,100
1002,100
1003,100
1004,100
1005,100
1006,100
1007,100
1008,100
1009,100
1010,100
1011,100
1012,100
1013,100
1014,100
1015,100
1016,100
1017,100
1018,100
1019,100
1020,100
1021,100
1022,100
1023,100
1024,100
1025,100
1026,100
1027,100
1028,100
1029,100
1030,100
1031,100
1032,100
1033,100
1034,100
1035,100
1036,100
1037,100
1038,100
1039,100
1040,100
1041,100
1042,100
1043,100
1044,100
1045,100
1046,100
1047,100
1048,100
1049,100
1050,100
1051,100
1052,100
1053,100
1054,100
1055,100
1056,100
1057,100
1058,100
1059,100
1060,100
1061,100
1062,100
1063,100
1064,100
1065,100
1066,100
1067,100
1068,100
1069,100
1070,100
1071,100
1072,100
1073,100
1074,100
1075,100
1076,100
1077,100
1078,100
1079,100
1080,100
1081,100
1082,100
1083,100
1084,100
1085,100
1086,100
1087,100
1088,100
1089,100
1090,100
1091,100
1092,100
1093,100
1094,100
1095,100
1096,100
1097,100
1098,100
1099,100
1100,100
1101,100
1102,100
1103,100
1104,100
1105,100
1106,100
1107,100
1108,100
1109,100
1110,100
1111,100
1112,100
1113,100
1114,100
1115,100
1116,100
1117,100
1118,100
1119,100
1120,100
1121,100
1122,100
1123,100
1124,100
1125,100
1126,100
1127,100
1128,100
1129,100
1130,100
1131,100
1132,100
1133,100
1134,100
1135,100
1136,100
1137,100
1138,100
1139,100
1140,100
1141,100
1142,100
1143,100
1144,100
1145,100
1146,100
1147,100
1148,100
1149,100
1150,100
1151,100
1152,100
1153,100
1154,100
1155,100
1156,100
1157,100
1158,100
1159,100
1160,100
1161,100
1162,100
1163,100
1164,100
1165,100
1166,100
1167,100
1168,100
1169,100
1170,100
1171,100
1172,100
1173,100
1174,100
1175,100
1176,100
1177,100
1178,100
1179,100
1180,100
1181,100
1182,100
1183,100
1184,100
1185,100
1186,100
1187,100
1188,100
1189,100
1190,100
1191,100
1192,100
1193,100
1194,100
1195,100
1196,100
1197,100
1198,100
1199,100
1200,100
1201,100
1202,100
1203,100
1204,100
1205,100
1206,100
1207,100
1208,100
1209,100
1210,100
1211,100
1212,100
1213,100
1214,100
1215,100
1216,100
1217,100
1218,100
1219,100
1220,100
1221,100
1222,100
1223,100
1224,100
1225,100
1226,100
1227,100
1228,100
1229,100
1230,100
1231,100
1232,100
1233,100
1234,100
1235,100
1236,100
1237,100
1238,100
1239,100
1240,100
1241,100
1242,100
1243,100
1244,100
1245,100
1246,100
1247,100
1248,100
1249,100
1250,100
1251,100
1252,100
1253,100
1254,100
1255,100
1256,100
1257,100
1258,100
1259,100
1260,100
1261,100
1262,100
1263,100
1264,100
1265,100
1266,100
1267,100
1268,100
1269,100
1270,100
1271,100
1272,100
1273,100
1274,100
1275,100
1276,100
1277,100
1278,100
1279,100
1280,100
1281,100
1282,100
1283,100
1284,100
1285,100
1286,100
1287,100
1288,100
1289,100
1290,100
1291,100
1292,100
1293,100
1294,100
1295,100
1296,100
1297,100
1298,100
1299,100
1300,100
1301,100
1302,100
1303,100
1304,100
1305,100
1306,100
1307,100
1308,100
1309,100
1310,100
1311,100
1312,100
1313,100
1314,100
1315,100
1316,100
1317,100
1318,100
1319,100
1320,100
1321,100
1322,100
