0,40
1,40.4
2,40.7667
3,41.2333
4,41.6
5,42
6,42.4
7,42.8333
8,43.2333
9,43.7333
10,44.1333
11,44.5
12,44.7667
13,45
14,45.5333
15,45.9667
16,46.2
17,46.4
18,46.6
19,46.9333
20,47.2333
21,47.4333
22,47.7333
23,48.0667
24,48.4667
25,48.8
26,49.2
27,49.4667
28,49.6667
29,49.9333
30,50.1333
31,50.7
32,50.9
33,51.1667
34,51.6
35,51.9667
36,52.3333
37,52.6
38,52.7333
39,53.0333
40,53.4
41,53.5667
42,53.8667
43,54.1
44,54.3333
45,54.4667
46,54.5333
47,54.9
48,55.1333
49,55.2333
50,55.6333
51,55.9333
52,56.2333
53,56.3667
54,56.5667
55,56.8
56,57
57,57.2333
58,57.4667
59,57.7
60,57.8
61,58.1667
62,58.4667
63,58.8
64,58.9667
65,59.1
66,59.3667
67,59.6333
68,59.8
69,59.9667
70,60.1333
71,60.2
72,60.2667
73,60.5333
74,60.7
75,60.9
76,61.1333
77,61.3
78,61.4333
79,61.6
80,61.8333
81,62.0667
82,62.1667
83,62.2667
84,62.4667
85,62.9333
86,63.1333
87,63.2667
88,63.4333
89,63.6333
90,63.8667
91,64.0333
92,64.3333
93,64.4
94,64.5
95,64.6
96,64.8
97,64.8667
98,64.9333
99,65.0333
100,65.2
101,65.3667
102,65.5333
103,65.8333
104,65.9667
105,66.2
106,66.3667
107,66.4667
108,66.6
109,66.7333
110,66.8
111,66.8667
112,67.0667
113,67.1333
114,67.2667
115,67.3667
116,67.4667
117,67.6333
118,67.7333
119,67.8667
120,68
121,68.2
122,68.3
123,68.3667
124,68.5
125,68.6
126,68.7
127,68.8667
128,69.0333
129,69.2
130,69.3333
131,69.4
132,69.5
133,69.5
134,69.7333
135,69.7667
136,69.8667
137,70
138,70.0333
139,70.1
140,70.1333
141,70.3333
142,70.3333
143,70.4333
144,70.5
145,70.6333
146,70.7
147,70.8
148,70.8333
149,70.9
150,71
151,71.1
152,71.1
153,71.1333
154,71.2667
155,71.3667
156,71.4
157,71.5667
158,71.7
159,71.8
160,71.8667
161,72.1333
162,72.2333
163,72.3333
164,72.3333
165,72.4667
166,72.6
167,72.8
168,72.8667
169,72.9
170,73
171,73
172,73.0333
173,73.1667
174,73.2
175,73.2
176,73.2333
177,73.3
178,73.4
179,73.4
180,73.5
181,73.5667
182,73.6
183,73.6333
184,73.7333
185,73.7667
186,73.9333
187,73.9667
188,74.0333
189,74.0333
190,74.1333
191,74.1667
192,74.1667
193,74.3
194,74.3333
195,74.3667
196,74.4333
197,74.5333
198,74.6
199,74.6333
200,74.6667
201,74.7333
202,74.8
203,74.8333
204,74.9333
205,74.9667
206,75
207,75.0667
208,75.1333
209,75.2
210,75.2333
211,75.2333
212,75.2333
213,75.3
214,75.3
215,75.3333
216,75.4
217,75.5333
218,75.6333
219,75.6667
220,75.7333
221,75.8
222,75.8667
223,75.9
224,75.9
225,75.9333
226,75.9667
227,76.0667
228,76.1333
229,76.1667
230,76.2
231,76.2667
232,76.3667
233,76.4
234,76.4
235,76.4
236,76.4
237,76.5
238,76.5333
239,76.5667
240,76.6
241,76.7
242,76.7
243,76.7667
244,76.8
245,76.8333
246,76.8333
247,76.8667
248,76.9
249,76.9667
250,77.0333
251,77.0667
252,77.1
253,77.1667
254,77.2
255,77.2333
256,77.2333
257,77.2667
258,77.3
259,77.3333
260,77.3667
261,77.3667
262,77.3667
263,77.4
264,77.4333
265,77.4333
266,77.5
267,77.5
268,77.5333
269,77.5667
270,77.5667
271,77.6
272,77.6667
273,77.7333
274,77.7667
275,77.8
276,77.8333
277,77.8333
278,77.8333
279,77.8667
280,77.9667
281,78
282,78.1333
283,78.1333
284,78.1333
285,78.1333
286,78.1333
287,78.1667
288,78.1667
289,78.1667
290,78.1667
291,78.2
292,78.2
293,78.2
294,78.2
295,78.2
296,78.2
297,78.2667
298,78.3333
299,78.3333
300,78.3667
301,78.3667
302,78.3667
303,78.3667
304,78.4
305,78.4
306,78.4333
307,78.4667
308,78.4667
309,78.4667
310,78.4667
311,78.4667
312,78.4667
313,78.4667
314,78.4667
315,78.4667
316,78.5333
317,78.5333
318,78.5333
319,78.5333
320,78.5667
321,78.5667
322,78.5667
323,78.5667
324,78.5667
325,78.5667
326,78.5667
327,78.5667
328,78.5667
329,78.6
330,78.6333
331,78.6333
332,78.7
333,78.7
334,78.7
335,78.7667
336,78.7667
337,78.7667
338,78.8
339,78.8
340,78.8
341,78.8
342,78.8333
343,78.8333
344,78.8333
345,78.8667
346,78.8667
347,78.8667
348,78.8667
349,78.9
350,78.9333
351,78.9333
352,78.9333
353,78.9333
354,78.9333
355,78.9333
356,78.9333
357,78.9667
358,79
359,79
360,79
361,79.0333
362,79.0333
363,79.0667
364,79.0667
365,79.0667
366,79.0667
367,79.1
368,79.1
369,79.1
370,79.1
371,79.1
372,79.1
373,79.1333
374,79.1667
375,79.2
376,79.2333
377,79.2333
378,79.2667
379,79.3
380,79.3
381,79.3
382,79.3333
383,79.3667
384,79.3667
385,79.3667
386,79.3667
387,79.3667
388,79.3667
389,79.4
390,79.4
391,79.4333
392,79.4667
393,79.4667
394,79.4667
395,79.5
396,79.5
397,79.5
398,79.5333
399,79.5333
400,79.5333
401,79.5333
402,79.5333
403,79.5333
404,79.5333
405,79.5333
406,79.5333
407,79.5667
408,79.5667
409,79.5667
410,79.5667
411,79.5667
412,79.5667
413,79.5667
414,79.5667
415,79.5667
416,79.6
417,79.6
418,79.6
419,79.6
420,79.6
421,79.6
422,79.6
423,79.6
424,79.6
425,79.6
426,79.6
427,79.6
428,79.6
429,79.6
430,79.6
431,79.6
432,79.6
433,79.6
434,79.6
435,79.6
436,79.6
437,79.6667
438,79.6667
439,79.6667
440,79.6667
441,79.6667
442,79.6667
443,79.6667
444,79.6667
445,79.7
446,79.7
447,79.7
448,79.7
449,79.7333
450,79.7333
451,79.7333
452,79.7333
453,79.7333
454,79.7333
455,79.7333
456,79.7667
457,79.7667
458,79.7667
459,79.7667
460,79.7667
461,79.7667
462,79.7667
463,79.7667
464,79.7667
465,79.7667
466,79.7667
467,79.7667
468,79.7667
469,79.7667
470,79.7667
471,79.7667
472,79.7667
473,79.7667
474,79.7667
475,79.7667
476,79.7667
477,79.7667
478,79.7667
479,79.7667
480,79.7667
481,79.8
482,79.8
483,79.8
484,79.8
485,79.8
486,79.8
487,79.8
488,79.8
489,79.8
490,79.8
491,79.8
492,79.8
493,79.8
494,79.8
495,79.8
496,79.8
497,79.8
498,79.8
499,79.8
500,79.8
501,79.8
502,79.8
503,79.8
504,79.8
505,79.8
506,79.8
507,79.8
508,79.8
509,79.8
510,79.8
511,79.8
512,79.8
513,79.8
514,79.8
515,79.8
516,79.8
517,79.8
518,79.8
519,79.8
520,79.8
521,79.8
522,79.8
523,79.8
524,79.8
525,79.8333
526,79.8333
527,79.8333
528,79.8333
529,79.8333
530,79.8333
531,79.8333
532,79.8333
533,79.8333
534,79.8333
535,79.8333
536,79.8333
537,79.8333
538,79.8333
539,79.8333
540,79.8333
541,79.8333
542,79.8333
543,79.8333
544,79.8333
545,79.8333
546,79.8333
547,79.8333
548,79.8333
549,79.8333
550,79.8333
551,79.8333
552,79.8333
553,79.8333
554,79.8333
555,79.8333
556,79.8333
557,79.8333
558,79.8333
559,79.8333
560,79.8333
561,79.8667
562,79.8667
563,79.8667
564,79.8667
565,79.8667
566,79.8667
567,79.8667
568,79.8667
569,79.8667
570,79.8667
571,79.8667
572,79.8667
573,79.8667
574,79.8667
575,79.8667
576,79.8667
577,79.8667
578,79.8667
579,79.9
580,79.9
581,79.9
582,79.9
583,79.9
584,79.9
585,79.9
586,79.9
587,79.9
588,79.9
589,79.9
590,79.9
591,79.9
592,79.9
593,79.9
594,79.9
595,79.9
596,79.9
597,79.9
598,79.9
599,79.9
600,79.9
601,79.9
602,79.9
603,79.9
604,79.9
605,79.9
606,79.9
607,79.9
608,79.9
609,79.9
610,79.9
611,79.9
612,79.9
613,79.9
614,79.9
615,79.9
616,79.9
617,79.9
618,79.9
619,79.9
620,79.9
621,79.9
622,79.9
623,79.9
624,79.9
625,79.9
626,79.9
627,79.9
628,79.9
629,79.9
630,79.9
631,79.9
632,79.9
633,79.9
634,79.9
635,79.9
636,79.9
637,79.9
638,79.9
639,79.9
640,79.9
641,79.9
642,79.9
643,79.9
644,79.9
645,79.9
646,79.9
647,79.9
648,79.9
649,79.9
650,79.9
651,79.9
652,79.9
653,79.9
654,79.9
655,79.9
656,79.9
657,79.9
658,79.9
659,79.9
660,79.9
661,79.9
662,79.9
663,79.9
664,79.9
665,79.9
666,79.9
667,79.9
668,79.9
669,79.9
670,79.9
671,79.9
672,79.9
673,79.9
674,79.9
675,79.9
676,79.9
677,79.9
678,79.9
679,79.9
680,79.9
681,79.9
682,79.9
683,79.9
684,79.9
685,79.9
686,79.9
687,79.9
688,79.9
689,79.9
690,79.9
691,79.8966
692,79.931
693,79.931
694,79.931
695,79.931
696,79.931
697,79.931
698,79.931
699,79.931
700,79.931
701,79.931
702,79.931
703,79.931
704,79.931
705,79.931
706,79.931
707,79.931
708,79.931
709,79.931
710,79.931
711,79.931
712,79.931
713,79.931
714,79.931
715,79.931
716,79.931
717,79.931
718,79.931
719,79.931
720,79.931
721,79.931
722,79.931
723,79.931
724,79.931
725,79.931
726,79.931
727,79.931
728,79.931
729,79.931
730,79.931
731,79.931
732,79.931
733,79.931
734,79.931
735,79.931
736,79.931
737,79.931
738,79.931
739,79.931
740,79.931
741,79.931
742,79.931
743,79.931
744,79.931
745,79.931
746,79.931
747,79.931
748,79.931
749,79.931
750,79.931
751,79.9286
752,79.9259
753,79.9259
754,79.9259
755,79.9259
756,79.9259
757,79.9259
758,79.9259
759,79.9259
760,79.9259
761,79.9259
762,79.963
763,79.963
764,79.963
765,79.963
766,79.963
767,79.963
768,79.963
769,79.963
770,79.963
771,79.963
772,79.963
773,79.963
774,79.963
775,79.963
776,79.963
777,79.9615
778,79.9615
779,79.9615
780,79.9615
781,79.9583
782,79.9583
783,79.9583
784,79.9583
785,79.9583
786,79.9583
787,79.9583
788,79.9583
789,79.9583
790,79.9583
791,79.9583
792,79.9583
793,79.9583
794,79.9583
795,79.9583
796,79.9583
797,79.9583
798,79.9583
799,79.9565
800,79.9565
801,79.9565
802,79.9565
803,79.9565
804,79.9565
805,79.9545
806,79.9545
807,79.9545
808,79.9545
809,79.9545
810,79.9545
811,79.9545
812,79.9545
813,79.9545
814,79.9545
815,79.9545
816,79.9545
817,79.9545
818,79.9545
819,79.9545
820,79.9545
821,79.9545
822,80
823,80
824,80
825,80
826,80
827,80
828,80
829,80
830,80
831,80
832,80
833,80
834,80
835,80
836,80
837,80
838,80
839,80
840,80
841,80
842,80
843,80
844,80
845,80
846,80
847,80
848,80
849,80
850,80
851,80
852,80
853,80
854,80
855,80
856,80
857,80
858,80
859,80
860,80
861,80
862,80
863,80
864,80
865,80
866,80
867,80
868,80
869,80
870,80
871,80
872,80
873,80
874,80
875,80
876,80
877,80
878,80
879,80
880,80
881,80
882,80
883,80
884,80
885,80
886,80
887,80
888,80
889,80
890,80
891,80
892,80
893,80
894,80
895,80
896,80
897,80
898,80
899,80
900,80
901,80
902,80
903,80
904,80
905,80
906,80
907,80
908,80
909,80
910,80
911,80
912,80
913,80
914,80
915,80
916,80
917,80
918,80
919,80
920,80
921,80
922,80
923,80
924,80
925,80
926,80
927,80
928,80
929,80
930,80
931,80
932,80
933,80
934,80
935,80
936,80
937,80
938,80
939,80
940,80
941,80
942,80
943,80
944,80
945,80
946,80
947,80
948,80
949,80
950,80
951,80
952,80
953,80
954,80
955,80
956,80
957,80
958,80
959,80
960,80
961,80
962,80
963,80
964,80
965,80
966,80
967,80
968,80
969,80
970,80
971,80
972,80
973,80
974,80
975,80
976,80
977,80
978,80
979,80
980,80
981,80
982,80
983,80
984,80
985,80
986,80
987,80
988,80
989,80
990,80
991,80
992,80
993,80
994,80
995,80
996,80
997,80
998,80
999,80
1000,80
1001,80
1002,80
1003,80
1004,80
1005,80
1006,80
1007,80
1008,80
1009,80
1010,80
1011,80
1012,80
1013,80
1014,80
1015,80
1016,80
1017,80
1018,80
1019,80
1020,80
1021,80
1022,80
1023,80
1024,80
1025,80
1026,80
1027,80
1028,80
1029,80
1030,80
1031,80
1032,80
1033,80
1034,80
1035,80
1036,80
1037,80
1038,80
1039,80
1040,80
1041,80
1042,80
1043,80
1044,80
1045,80
1046,80
1047,80
1048,80
1049,80
1050,80
1051,80
1052,80
1053,80
1054,80
1055,80
1056,80
1057,80
1058,80
1059,80
1060,80
1061,80
1062,80
1063,80
1064,80
1065,80
1066,80
1067,80
1068,80
1069,80
1070,80
1071,80
1072,80
1073,80
1074,80
1075,80
1076,80
1077,80
1078,80
1079,80
1080,80
1081,80
1082,80
1083,80
1084,80
1085,80
1086,80
1087,80
1088,80
1089,80
1090,80
1091,80
1092,80
1093,80
1094,80
1095,80
1096,80
1097,80
1098,80
1099,80
1100,80
1101,80
1102,80
1103,80
1104,80
1105,80
1106,80
1107,80
1108,80
1109,80
1110,80
1111,80
1112,80
1113,80
1114,80
1115,80
1116,80
1117,80
1118,80
1119,80
1120,80
1121,80
1122,80
1123,80
1124,80
1125,80
1126,80
1127,80
1128,80
1129,80
1130,80
1131,80
1132,80
1133,80
1134,80
1135,80
1136,80
1137,80
1138,80
1139,80
1140,80
1141,80
1142,80
1143,80
1144,80
1145,80
1146,80
1147,80
1148,80
1149,80
1150,80
1151,80
1152,80
1153,80
1154,80
1155,80
1156,80
1157,80
1158,80
1159,80
1160,80
1161,80
1162,80
1163,80
1164,80
1165,80
1166,80
1167,80
1168,80
1169,80
1170,80
1171,80
1172,80
1173,80
1174,80
1175,80
1176,80
1177,80
1178,80
1179,80
1180,80
1181,80
1182,80
1183,80
1184,80
1185,80
1186,80
1187,80
1188,80
1189,80
1190,80
1191,80
1192,80
1193,80
1194,80
1195,80
1196,80
1197,80
1198,80
1199,80
1200,80
1201,80
1202,80
1203,80
1204,80
1205,80
1206,80
1207,80
1208,80
1209,80
1210,80
1211,80
1212,80
1213,80
1214,80
1215,80
1216,80
1217,80
1218,80
1219,80
1220,80
1221,80
1222,80
1223,80
1224,80
1225,80
1226,80
1227,80
1228,80
1229,80
1230,80
1231,80
1232,80
1233,80
1234,80
1235,80
1236,80
1237,80
1238,80
1239,80
1240,80
1241,80
1242,80
1243,80
1244,80
1245,80
1246,80
1247,80
1248,80
1249,80
1250,80
1251,80
1252,80
1253,80
1254,80
1255,80
1256,80
1257,80
1258,80
1259,80
1260,80
1261,80
1262,80
1263,80
1264,80
1265,80
1266,80
1267,80
1268,80
1269,80
1270,80
1271,80
1272,80
1273,80
1274,80
1275,80
1276,80
1277,80
1278,80
1279,80
1280,80
1281,80
1282,80
1283,80
1284,80
1285,80
1286,80
1287,80
1288,80
1289,80
1290,80
1291,80
1292,80
1293,80
1294,80
1295,80
1296,80
1297,80
1298,80
1299,80
1300,80
1301,80
1302,80
1303,80
1304,80
1305,80
1306,80
1307,80
1308,80
1309,80
1310,80
1311,80
1312,80
1313,80
1314,80
1315,80
1316,80
1317,80
1318,80
1319,80
1320,80
1321,80
1322,80
