0,51.4333
1,51.9
2,52.4333
3,52.6333
4,53.2
5,53.7333
6,54.2
7,54.5667
8,54.9667
9,55.2
10,55.6
11,55.9667
12,56.4333
13,56.8
14,57.3
15,57.7333
16,58.0333
17,58.1667
18,58.6667
19,59.1667
20,59.6667
21,60
22,60.2667
23,60.6
24,60.9333
25,61.2667
26,61.7
27,61.9667
28,62.3333
29,62.7333
30,63
31,63.4
32,63.8667
33,64.1
34,64.5667
35,65.0667
36,65.3
37,65.5667
38,65.9667
39,66.4
40,66.8
41,67.0667
42,67.3333
43,67.5667
44,67.7667
45,67.9667
46,68.2667
47,68.5667
48,68.9
49,69.1667
50,69.7
51,69.9333
52,70.4333
53,70.6
54,70.9
55,71.2667
56,71.5667
57,71.7333
58,72.0333
59,72.2667
60,72.5333
61,72.7
62,73
63,73.4333
64,73.6333
65,73.8
66,74
67,74.3
68,74.5667
69,74.9
70,75.1333
71,75.3
72,75.6
73,75.8
74,75.9667
75,76.2
76,76.3667
77,76.6333
78,76.8667
79,77.1
80,77.2667
81,77.4667
82,77.5667
83,77.6667
84,78.0333
85,78.4333
86,78.6333
87,78.6667
88,78.9333
89,79.0667
90,79.3
91,79.4667
92,79.8667
93,80.0333
94,80.2333
95,80.4333
96,80.6667
97,80.9333
98,81.0667
99,81.3
100,81.4333
101,81.5667
102,81.7
103,81.9333
104,82.1667
105,82.5667
106,82.6667
107,82.8667
108,83.0333
109,83.1667
110,83.2
111,83.4
112,83.6333
113,83.7
114,83.8667
115,84.1
116,84.3333
117,84.5333
118,84.5667
119,84.7667
120,84.9
121,85.1
122,85.2333
123,85.4
124,85.4333
125,85.6667
126,85.8
127,85.8667
128,86
129,86.2
130,86.3
131,86.5333
132,86.6667
133,86.8333
134,87
135,87.1
136,87.3
137,87.5
138,87.5667
139,87.7667
140,87.8667
141,87.9667
142,88.0333
143,88.1333
144,88.2
145,88.3
146,88.4
147,88.5333
148,88.6667
149,88.6667
150,88.7333
151,88.8
152,88.8333
153,88.9
154,89.1
155,89.2
156,89.3
157,89.3667
158,89.5
159,89.6
160,89.7333
161,89.8
162,89.9333
163,90.0667
164,90.1667
165,90.3
166,90.4667
167,90.6333
168,90.6667
169,90.7667
170,90.9333
171,90.9667
172,91.0333
173,91.1667
174,91.2667
175,91.2667
176,91.3667
177,91.5333
178,91.5667
179,91.6333
180,91.7333
181,91.7667
182,91.9667
183,92.0333
184,92.1
185,92.1
186,92.1333
187,92.2
188,92.3
189,92.3
190,92.3667
191,92.4667
192,92.4667
193,92.5667
194,92.6333
195,92.7
196,92.7
197,92.7667
198,92.9
199,93.0333
200,93.0333
201,93.1
202,93.2
203,93.2
204,93.2333
205,93.2667
206,93.2667
207,93.3
208,93.4667
209,93.5333
210,93.6333
211,93.6667
212,93.7
213,93.7333
214,93.7333
215,93.8
216,93.8
217,93.9
218,93.9667
219,94.0333
220,94.1
221,94.1333
222,94.2667
223,94.3333
224,94.3333
225,94.4
226,94.4333
227,94.5
228,94.5333
229,94.5667
230,94.6333
231,94.6667
232,94.7667
233,94.7667
234,94.8333
235,94.9
236,94.9333
237,95
238,95.0667
239,95.1
240,95.1333
241,95.1667
242,95.1667
243,95.2
244,95.3
245,95.3667
246,95.4333
247,95.5
248,95.5333
249,95.6
250,95.6667
251,95.7
252,95.7667
253,95.9
254,95.9
255,95.9333
256,96
257,96.0333
258,96.1
259,96.2333
260,96.2667
261,96.3
262,96.3
263,96.3333
264,96.3667
265,96.3667
266,96.4
267,96.4333
268,96.4667
269,96.5
270,96.5333
271,96.6333
272,96.6667
273,96.7333
274,96.7667
275,96.8333
276,96.9333
277,96.9667
278,97.0333
279,97.0667
280,97.1333
281,97.2
282,97.2667
283,97.2667
284,97.3
285,97.3
286,97.3
287,97.3333
288,97.3333
289,97.3667
290,97.3667
291,97.4333
292,97.4333
293,97.5333
294,97.5667
295,97.6
296,97.6
297,97.6333
298,97.6667
299,97.7
300,97.7
301,97.7
302,97.7
303,97.7
304,97.7
305,97.7
306,97.7
307,97.7
308,97.7
309,97.7
310,97.7
311,97.7333
312,97.7333
313,97.7333
314,97.7333
315,97.7667
316,97.8
317,97.8
318,97.8667
319,97.8667
320,97.9
321,97.9333
322,97.9333
323,97.9667
324,98
325,98
326,98
327,98
328,98.0333
329,98.0333
330,98.1
331,98.1
332,98.1333
333,98.1333
334,98.1333
335,98.2
336,98.2
337,98.2333
338,98.2667
339,98.2667
340,98.2667
341,98.2667
342,98.2667
343,98.3333
344,98.3333
345,98.3667
346,98.3667
347,98.3667
348,98.4333
349,98.4667
350,98.5
351,98.5
352,98.5333
353,98.5333
354,98.6
355,98.6333
356,98.6333
357,98.7
358,98.7667
359,98.7667
360,98.7667
361,98.8333
362,98.8333
363,98.8667
364,98.8667
365,98.8667
366,98.8667
367,98.9
368,98.9
369,98.9333
370,98.9333
371,98.9333
372,98.9667
373,98.9667
374,99
375,99
376,99.0333
377,99.0667
378,99.0667
379,99.0667
380,99.0667
381,99.0667
382,99.0667
383,99.1333
384,99.1333
385,99.1333
386,99.1333
387,99.1333
388,99.1667
389,99.1667
390,99.1667
391,99.2
392,99.2
393,99.2
394,99.2
395,99.2333
396,99.2333
397,99.2333
398,99.2333
399,99.2333
400,99.2333
401,99.2333
402,99.2667
403,99.2667
404,99.2667
405,99.2667
406,99.3
407,99.3333
408,99.3333
409,99.3333
410,99.3333
411,99.3333
412,99.3333
413,99.3333
414,99.3333
415,99.3333
416,99.4
417,99.4
418,99.4
419,99.4
420,99.4
421,99.4
422,99.4333
423,99.4667
424,99.4667
425,99.4667
426,99.4667
427,99.4667
428,99.4667
429,99.5
430,99.5
431,99.5
432,99.5
433,99.5333
434,99.5333
435,99.5333
436,99.5333
437,99.6
438,99.6
439,99.6
440,99.6
441,99.6
442,99.6
443,99.6333
444,99.6667
445,99.6667
446,99.6667
447,99.6667
448,99.6667
449,99.6667
450,99.6667
451,99.6667
452,99.6667
453,99.6667
454,99.6667
455,99.6667
456,99.6667
457,99.6667
458,99.6667
459,99.6667
460,99.6667
461,99.6667
462,99.6667
463,99.6667
464,99.6667
465,99.6667
466,99.6667
467,99.6667
468,99.6667
469,99.6667
470,99.6667
471,99.6667
472,99.7333
473,99.7333
474,99.7333
475,99.7667
476,99.7667
477,99.7667
478,99.7667
479,99.8
480,99.8
481,99.8333
482,99.8333
483,99.8333
484,99.8333
485,99.8333
486,99.8333
487,99.8333
488,99.8333
489,99.8333
490,99.8333
491,99.8333
492,99.8333
493,99.8333
494,99.8333
495,99.8333
496,99.8333
497,99.8333
498,99.8333
499,99.8333
500,99.8333
501,99.8333
502,99.8333
503,99.8333
504,99.8333
505,99.8333
506,99.8333
507,99.8333
508,99.8333
509,99.8333
510,99.8333
511,99.8333
512,99.8333
513,99.8333
514,99.8333
515,99.8667
516,99.8667
517,99.8667
518,99.8667
519,99.8667
520,99.9
521,99.9
522,99.9
523,99.9
524,99.9
525,99.9333
526,99.9333
527,99.9333
528,99.9333
529,99.9333
530,99.9333
531,99.9333
532,99.9333
533,99.9333
534,99.9333
535,99.9333
536,99.9333
537,99.9333
538,99.9333
539,99.9333
540,99.9333
541,99.9333
542,99.9333
543,99.9333
544,99.9333
545,99.9333
546,99.9333
547,99.9333
548,99.9333
549,99.9333
550,99.9333
551,99.9333
552,99.9333
553,99.9333
554,99.9333
555,99.9333
556,99.9333
557,99.9333
558,99.9333
559,99.9333
560,99.9333
561,99.9333
562,99.9333
563,99.9333
564,99.9333
565,99.9333
566,99.9333
567,99.9667
568,99.9667
569,99.9667
570,99.9667
571,99.9667
572,99.9667
573,99.9667
574,99.9667
575,99.9667
576,99.9667
577,99.9667
578,99.9667
579,99.9667
580,99.9667
581,99.9667
582,99.9667
583,99.9667
584,99.9667
585,99.9667
586,99.9667
587,99.9667
588,99.9667
589,99.9667
590,99.9667
591,99.9667
592,99.9667
593,99.9667
594,99.9667
595,99.9667
596,99.9667
597,99.9667
598,99.9667
599,99.9667
600,99.9667
601,99.9667
602,99.9667
603,99.9667
604,99.9667
605,99.9667
606,99.9667
607,99.9667
608,99.9667
609,99.9667
610,99.9667
611,99.9667
612,99.9667
613,99.9667
614,99.9667
615,99.9667
616,99.9667
617,99.9667
618,99.9667
619,99.9667
620,99.9667
621,99.9667
622,99.9667
623,99.9667
624,99.9667
625,99.9667
626,99.9667
627,99.9667
628,99.9667
629,99.9667
630,99.9667
631,99.9667
632,99.9667
633,99.9667
634,99.9667
635,99.9667
636,99.9667
637,99.9667
638,99.9667
639,99.9667
640,99.9667
641,99.9667
642,99.9667
643,99.9667
644,99.9667
645,99.9667
646,99.9667
647,99.9667
648,99.9667
649,99.9667
650,99.9667
651,99.9667
652,99.9667
653,99.9667
654,99.9667
655,99.9667
656,99.9667
657,99.9667
658,99.9667
659,99.9667
660,99.9667
661,99.9667
662,99.9667
663,99.9667
664,99.9667
665,99.9667
666,99.9667
667,99.9667
668,99.9667
669,99.9667
670,99.9667
671,99.9667
672,99.9667
673,99.9667
674,99.9667
675,99.9667
676,99.9667
677,99.9667
678,99.9667
679,99.9667
680,99.9667
681,99.9667
682,99.9667
683,99.9667
684,99.9667
685,99.9667
686,99.9667
687,99.9667
688,99.9667
689,99.9667
690,99.9667
691,99.9667
692,99.9667
693,99.9667
694,99.9667
695,99.9667
696,99.9667
697,99.9667
698,99.9667
699,99.9667
700,99.9667
701,99.9667
702,99.9667
703,99.9667
704,99.9667
705,99.9667
706,99.9667
707,99.9667
708,99.9667
709,99.9667
710,99.9667
711,99.9667
712,99.9667
713,99.9667
714,99.9667
715,99.9667
716,99.9667
717,99.9667
718,99.9667
719,99.9667
720,99.9667
721,99.9667
722,99.9667
723,99.9667
724,99.9667
725,99.9667
726,99.9667
727,99.9667
728,99.9667
729,99.9667
730,99.9667
731,99.9667
732,99.9667
733,99.9667
734,99.9667
735,99.9667
736,99.9667
737,99.9667
738,99.9667
739,99.9667
740,99.9667
741,99.9667
742,99.9667
743,99.9667
744,99.9667
745,99.9667
746,99.9667
747,99.9667
748,99.9667
749,99.9667
750,99.9655
751,99.9655
752,99.9655
753,99.9655
754,99.9655
755,99.9655
756,99.9655
757,99.9655
758,99.9655
759,99.9655
760,99.9655
761,99.9655
762,99.9655
763,99.9655
764,99.9655
765,99.9655
766,99.9655
767,99.9655
768,99.9655
769,99.9655
770,99.9655
771,99.9655
772,99.9655
773,99.9655
774,99.9655
775,99.9655
776,99.9655
777,99.9655
778,99.9655
779,99.9655
780,99.9655
781,99.9655
782,99.9655
783,100
784,100
785,100
786,100
787,100
788,100
789,100
790,100
791,100
792,100
793,100
794,100
795,100
796,100
797,100
798,100
799,100
800,100
801,100
802,100
803,100
804,100
805,100
806,100
807,100
808,100
809,100
810,100
811,100
812,100
813,100
814,100
815,100
816,100
817,100
818,100
819,100
820,100
821,100
822,100
823,100
824,100
825,100
826,100
827,100
828,100
829,100
830,100
831,100
832,100
833,100
834,100
835,100
836,100
837,100
838,100
839,100
840,100
841,100
842,100
843,100
844,100
845,100
846,100
847,100
848,100
849,100
850,100
851,100
852,100
853,100
854,100
855,100
856,100
857,100
858,100
859,100
860,100
861,100
862,100
863,100
864,100
865,100
866,100
867,100
868,100
869,100
870,100
871,100
872,100
873,100
874,100
875,100
876,100
877,100
878,100
879,100
880,100
881,100
882,100
883,100
884,100
885,100
886,100
887,100
888,100
889,100
890,100
891,100
892,100
893,100
894,100
895,100
896,100
897,100
898,100
899,100
900,100
901,100
902,100
903,100
904,100
905,100
906,100
907,100
908,100
909,100
910,100
911,100
912,100
913,100
914,100
915,100
916,100
917,100
918,100
919,100
920,100
921,100
922,100
923,100
924,100
925,100
926,100
927,100
928,100
929,100
930,100
931,100
932,100
933,100
934,100
935,100
936,100
937,100
938,100
939,100
940,100
941,100
942,100
943,100
944,100
945,100
946,100
947,100
948,100
949,100
950,100
951,100
952,100
953,100
954,100
955,100
956,100
957,100
958,100
959,100
960,100
961,100
962,100
963,100
964,100
965,100
966,100
967,100
968,100
969,100
970,100
971,100
972,100
973,100
974,100
975,100
976,100
977,100
978,100
979,100
980,100
981,100
982,100
983,100
984,100
985,100
986,100
987,100
988,100
989,100
990,100
991,100
992,100
993,100
994,100
995,100
996,100
997,100
998,100
999,100
1000,100
1001,100
1002,100
1003,100
1004,100
1005,100
1006,100
1007,100
1008,100
1009,100
1010,100
1011,100
1012,100
1013,100
1014,100
1015,100
1016,100
1017,100
1018,100
1019,100
1020,100
1021,100
1022,100
1023,100
1024,100
1025,100
1026,100
1027,100
1028,100
1029,100
1030,100
1031,100
1032,100
1033,100
1034,100
1035,100
1036,100
1037,100
1038,100
1039,100
1040,100
1041,100
1042,100
1043,100
1044,100
1045,100
1046,100
1047,100
1048,100
1049,100
1050,100
1051,100
1052,100
1053,100
1054,100
1055,100
1056,100
1057,100
1058,100
1059,100
1060,100
1061,100
1062,100
1063,100
1064,100
1065,100
1066,100
1067,100
1068,100
1069,100
1070,100
1071,100
1072,100
1073,100
1074,100
1075,100
1076,100
1077,100
1078,100
1079,100
1080,100
1081,100
1082,100
1083,100
1084,100
1085,100
1086,100
1087,100
1088,100
1089,100
1090,100
1091,100
1092,100
1093,100
1094,100
1095,100
1096,100
1097,100
1098,100
1099,100
1100,100
1101,100
1102,100
1103,100
1104,100
1105,100
1106,100
1107,100
1108,100
1109,100
1110,100
1111,100
1112,100
1113,100
1114,100
1115,100
1116,100
1117,100
1118,100
1119,100
1120,100
1121,100
1122,100
1123,100
1124,100
1125,100
1126,100
1127,100
1128,100
1129,100
1130,100
1131,100
1132,100
1133,100
1134,100
1135,100
1136,100
1137,100
1138,100
1139,100
1140,100
1141,100
1142,100
1143,100
1144,100
1145,100
1146,100
1147,100
1148,100
1149,100
1150,100
1151,100
1152,100
1153,100
1154,100
1155,100
1156,100
1157,100
1158,100
1159,100
1160,100
1161,100
1162,100
1163,100
1164,100
1165,100
1166,100
1167,100
1168,100
1169,100
1170,100
1171,100
1172,100
1173,100
1174,100
1175,100
1176,100
1177,100
1178,100
1179,100
1180,100
1181,100
1182,100
1183,100
1184,100
1185,100
1186,100
1187,100
1188,100
1189,100
1190,100
1191,100
1192,100
1193,100
1194,100
1195,100
1196,100
1197,100
1198,100
1199,100
1200,100
1201,100
1202,100
1203,100
1204,100
1205,100
1206,100
1207,100
1208,100
1209,100
1210,100
1211,100
1212,100
1213,100
1214,100
1215,100
1216,100
1217,100
1218,100
1219,100
1220,100
1221,100
1222,100
1223,100
1224,100
1225,100
1226,100
1227,100
1228,100
1229,100
1230,100
1231,100
1232,100
1233,100
1234,100
1235,100
1236,100
1237,100
1238,100
1239,100
1240,100
1241,100
1242,100
1243,100
1244,100
1245,100
1246,100
1247,100
1248,100
1249,100
1250,100
1251,100
1252,100
1253,100
1254,100
1255,100
1256,100
1257,100
1258,100
1259,100
1260,100
1261,100
1262,100
1263,100
1264,100
1265,100
1266,100
1267,100
1268,100
1269,100
1270,100
1271,100
1272,100
1273,100
1274,100
1275,100
1276,100
1277,100
1278,100
1279,100
1280,100
1281,100
1282,100
1283,100
